Date,Price,Market Cap,PE Ratio,PB Ratio
2019-05-24,29.0,,,0.2912
2019-05-28,28.765,,,0.2888
2019-05-29,28.5,,,0.2862
2019-05-30,28.8,,,0.2892
2019-05-31,26.97,,,0.2708
2019-06-03,24.81,18578.0994,,0.2491
2019-06-04,27.75,20779.6154,,0.2787
2019-06-05,28.01,20974.3073,,0.2813
2019-06-06,26.9,20143.1227,,0.2701
2019-06-07,26.31,19701.3219,,0.2642
2019-06-10,25.31,18952.5069,,0.2542
2019-06-11,24.95,18682.9335,,0.2505
2019-06-12,25.07,18772.7913,,0.2517
2019-06-13,24.97,18697.9098,,0.2507
2019-06-14,25.19,18862.6491,,0.2529
2019-06-17,25.95,19431.7485,,0.2606
2019-06-18,27.3,20442.6487,,0.2741
2019-06-19,27.15,20330.3264,,0.2726
2019-06-20,27.16,20337.8146,,0.2727
2019-06-21,27.21,20375.2553,,0.2732
2019-06-24,28.01,20974.3073,,0.2813
2019-06-25,27.67,20719.7102,,0.2779
2019-06-26,29.26,21910.326,,0.2938
2019-06-27,29.57,22142.4587,,0.2969
2019-06-28,29.57,22142.4587,,0.8965
2019-07-01,29.68,22224.8283,,0.8998
2019-07-02,28.99,21708.146,,0.8789
2019-07-03,28.8,21565.8711,,0.8732
2019-07-05,28.64,21446.0607,,0.8683
2019-07-08,27.77,20794.5917,,0.8419
2019-07-09,26.99,20210.516,,0.8183
2019-07-10,26.5,19843.5967,,0.8034
2019-07-11,26.43,19791.1797,,0.8013
2019-07-12,27.6,20667.2932,,0.8368
2019-07-15,28.08,21026.7244,,0.8513
2019-07-16,27.86,20861.9851,,0.8447
2019-07-17,26.88,20128.1464,,0.815
2019-07-18,26.65,19955.919,,0.808
2019-07-19,27.39,20510.042,,0.8304
2019-07-22,27.76,20787.1036,,0.8416
2019-07-23,28.12,21056.677,,0.8525
2019-07-24,28.32,21206.44,,0.8586
2019-07-25,28.02,20981.7955,,0.8495
2019-07-26,28.48,21326.2503,,0.8635
2019-07-29,28.78,21550.8948,,0.8726
2019-07-30,29.13,21812.9801,,0.8832
2019-07-31,29.5,22090.0416,,0.8944
2019-08-01,31.25,23400.4678,,0.9474
2019-08-02,31.46,23557.719,,0.9538
2019-08-05,29.9,22389.5676,,0.9065
2019-08-06,30.05,22501.8898,,0.9111
2019-08-07,30.64,22943.6907,,0.9289
2019-08-08,31.61,23670.0412,,0.9584
2019-08-09,31.63,23685.0175,,0.959
2019-08-12,29.63,22187.3876,,0.8983
2019-08-13,29.6,22164.9231,,0.8974
2019-08-14,28.34,21221.4162,,0.8592
2019-08-15,28.42,21281.3214,,0.8616
2019-08-16,30.24,22644.1647,,0.9168
2019-08-19,30.57,22891.2736,,0.9268
2019-08-20,30.26,22659.141,,0.9174
2019-08-21,30.58,22898.7618,,0.9271
2019-08-22,30.29,22681.6054,,0.9183
2019-08-23,29.05,21753.0749,,0.8807
2019-08-26,29.02,21730.6104,,0.8798
2019-08-27,28.73,21513.4541,,0.871
2019-08-28,29.17,21842.9327,,0.8844
2019-08-29,29.71,22247.2928,,0.9008
2019-08-30,29.32,21955.2549,,0.8889
2019-09-03,28.23,21139.0466,,0.8559
2019-09-04,28.43,21288.8096,,0.8619
2019-09-05,28.46,21311.274,,0.8629
2019-09-06,28.39,21258.857,,0.8607
2019-09-09,28.75,21528.4304,,0.8716
2019-09-10,28.56,21386.1555,,0.8659
2019-09-11,29.27,21917.8142,,0.8874
2019-09-12,29.9,22389.5676,,0.9065
2019-09-13,30.12,22554.3069,,0.9132
2019-09-16,29.4,22015.1601,,0.8914
2019-09-17,28.98,21700.6578,,0.8786
2019-09-18,29.15,21827.9564,,0.8838
2019-09-19,29.14,21820.4682,,0.8835
2019-09-20,28.92,21655.7289,,0.8768
2019-09-23,28.88,21625.7763,,0.8756
2019-09-24,28.24,21146.5348,,0.8562
2019-09-25,28.2,21116.5822,,0.855
2019-09-26,27.64,20697.2458,,0.838
2019-09-27,27.8,20817.0562,,0.8428
2019-09-30,28.0,20966.8192,87.998,0.8382
2019-10-01,27.55,20629.8524,86.5838,0.8247
2019-10-02,26.94,20173.0753,84.6667,0.8064
2019-10-03,26.88,20128.1464,84.4781,0.8046
2019-10-04,25.89,19386.8196,81.3667,0.775
2019-10-07,26.0,19469.1892,81.7124,0.7783
2019-10-08,26.22,19633.9285,82.4039,0.7849
2019-10-09,26.17,19596.4878,82.2467,0.7834
2019-10-10,25.73,19267.0092,80.8639,0.7702
2019-10-11,26.66,19963.4071,83.7867,0.7981
2019-10-14,26.33,19716.2982,82.7496,0.7882
2019-10-15,26.7,19993.3597,83.9124,0.7993
2019-10-16,26.87,20120.6582,84.4467,0.8043
2019-10-17,26.77,20045.7767,84.1324,0.8014
2019-10-18,26.04,19499.1418,81.8382,0.7795
2019-10-21,25.5,19094.7817,80.141,0.7633
2019-10-22,25.98,19454.2129,81.6496,0.7777
2019-10-23,25.61,19177.1514,80.4868,0.7666
2019-10-24,26.37,19746.2508,82.8753,0.7894
2019-10-25,26.73,20015.8241,84.0067,0.8002
2019-10-28,26.77,20045.7767,84.1324,0.8014
2019-10-29,26.78,20053.2649,84.1638,0.8016
2019-10-30,27.48,20577.4354,86.3638,0.8226
2019-10-31,26.38,19753.7389,82.9067,0.7897
2019-11-01,26.18,19603.9759,82.2781,0.7837
2019-11-04,25.74,19274.4973,80.8953,0.7705
2019-11-05,25.66,19214.5921,80.6439,0.7681
2019-11-06,26.13,19566.5352,82.121,0.7822
2019-11-07,26.15,19581.5115,82.1839,0.7828
2019-11-08,26.2,19618.9522,82.341,0.7843
2019-11-11,26.74,20023.3123,84.0381,0.8005
2019-11-12,26.72,20008.336,83.9752,0.7999
2019-11-13,25.72,19259.521,80.8325,0.7699
2019-11-14,26.38,19753.7389,82.9067,0.7897
2019-11-15,25.48,19079.8054,80.0782,0.7627
2019-11-18,25.48,19079.8054,80.0782,0.7627
2019-11-19,25.7,19244.5447,80.7696,0.7693
2019-11-20,24.98,18705.398,78.5068,0.7478
2019-11-21,25.11,18802.7439,78.9154,0.7517
2019-11-22,25.54,19124.7343,80.2668,0.7645
2019-11-25,25.93,19416.7722,81.4924,0.7762
2019-11-26,25.88,19379.3314,81.3353,0.7747
2019-11-27,26.05,19506.63,81.8696,0.7798
2019-11-29,26.02,19484.1655,81.7753,0.7789
2019-12-02,25.18,18855.1609,79.1354,0.7538
2019-12-03,24.65,18458.289,77.4697,0.7379
2019-12-04,24.84,18600.5639,78.0668,0.7436
2019-12-05,24.82,18585.5876,78.004,0.743
2019-12-06,25.26,18915.0661,79.3868,0.7561
2019-12-09,25.77,19296.9618,80.9896,0.7714
2019-12-10,25.87,19371.8433,81.3039,0.7744
2019-12-11,26.2,19618.9522,82.341,0.7843
2019-12-12,26.98,20203.0279,84.7924,0.8076
2019-12-13,26.49,19836.1086,83.2524,0.793
2019-12-16,27.55,20629.8524,86.5838,0.8247
2019-12-17,26.77,20045.7767,84.1324,0.8014
2019-12-18,27.82,20832.0325,87.4323,0.8328
2019-12-19,27.71,20749.6628,87.0866,0.8295
2019-12-20,28.18,21101.6059,88.5637,0.8436
2019-12-23,28.66,21461.037,90.0723,0.8579
2019-12-24,28.81,21573.3593,90.5437,0.8624
2019-12-26,29.19,21857.909,91.7379,0.8738
2019-12-27,29.14,21820.4682,91.5808,0.8723
2019-12-30,28.86,21610.8,90.7008,0.8639
2019-12-31,29.56,22134.9705,32.5034,0.9103
2020-01-02,28.74,21520.9422,31.6018,0.885
2020-01-03,28.4,21266.3451,31.2279,0.8746
2020-01-06,28.36,21236.3925,31.184,0.8733
2020-01-07,28.47,21318.7622,31.3049,0.8767
2020-01-08,28.7,21490.9896,31.5578,0.8838
2020-01-09,28.73,21513.4541,31.5908,0.8847
2020-01-10,28.35,21228.9044,31.173,0.873
2020-01-13,28.58,21401.1318,31.4259,0.8801
2020-01-14,28.64,21446.0607,31.4918,0.8819
2020-01-15,28.68,21476.0133,31.5358,0.8832
2020-01-16,29.22,21880.3734,32.1296,0.8998
2020-01-17,28.3,21191.4637,31.118,0.8715
2020-01-21,27.82,20832.0325,30.5902,0.8567
2020-01-22,28.16,21086.6296,30.964,0.8672
2020-01-23,28.45,21303.7859,31.2829,0.8761
2020-01-24,27.95,20929.3784,30.7331,0.8607
2020-01-27,27.16,20337.8146,29.8645,0.8364
2020-01-28,27.56,20637.3406,30.3043,0.8487
2020-01-29,27.8,20817.0562,30.5682,0.8561
2020-01-30,29.24,21895.3497,32.1516,0.9004
2020-01-31,28.92,21648.8468,31.7997,0.8906
2020-02-03,30.12,22547.1392,33.1192,0.9275
2020-02-04,30.95,23168.4582,34.0319,0.9531
2020-02-05,31.71,23737.3767,34.8675,0.9765
2020-02-06,31.59,23647.5474,34.7356,0.9728
2020-02-07,31.04,23235.8301,34.1308,0.9559
2020-02-10,30.6,22906.4562,33.647,0.9423
2020-02-11,30.51,22839.0843,33.548,0.9395
2020-02-12,30.94,23160.9724,34.0209,0.9528
2020-02-13,30.6,22906.4562,33.647,0.9423
2020-02-14,30.71,22988.7997,33.768,0.9457
2020-02-18,31.4,23505.3178,34.5267,0.9669
2020-02-19,31.52,23595.147,34.6586,0.9706
2020-02-20,31.57,23632.5759,34.7136,0.9722
2020-02-21,31.22,23370.5739,34.3287,0.9614
2020-02-24,30.66,22951.3708,33.713,0.9442
2020-02-25,28.38,21244.6153,31.2059,0.8739
2020-02-26,28.5,21334.4445,31.3379,0.8776
2020-02-27,27.29,20428.6663,30.0074,0.8404
2020-02-28,27.2,20361.2944,29.9084,0.8376
2020-03-02,28.24,21139.8145,31.052,0.8696
2020-03-03,27.92,20900.2698,30.7001,0.8598
2020-03-04,28.9,21657.7467,31.7777,0.89
2020-03-05,27.31,20466.1959,30.0294,0.841
2020-03-06,25.3,18959.8959,27.8193,0.7791
2020-03-09,23.07,17288.7272,25.3672,0.7104
2020-03-10,25.91,19417.0317,28.49,0.7979
2020-03-11,25.0,18735.075,27.4894,0.7699
2020-03-12,22.34,16741.663,24.5645,0.6879
2020-03-13,24.82,18600.1825,27.2915,0.7643
2020-03-16,20.74,15542.6182,22.8052,0.6387
2020-03-17,22.67,16988.966,24.9274,0.6981
2020-03-18,21.57,16164.6227,23.7178,0.6642
2020-03-19,23.26,17431.1138,25.5761,0.7163
2020-03-20,22.53,16881.3536,24.7734,0.6938
2020-03-23,21.92,16424.2908,24.1027,0.675
2020-03-24,22.33,16731.497,24.5535,0.6876
2020-03-25,23.4,17533.2301,25.7301,0.7206
2020-03-26,24.14,18087.6998,26.5437,0.7434
2020-03-27,23.21,17390.8663,25.5211,0.7147
2020-03-30,24.09,18050.2356,26.4888,0.7418
2020-03-31,23.5,17608.1585,18.0729,0.7382
2020-04-01,22.51,16866.368,17.3116,0.7071
2020-04-02,22.24,16664.0615,17.1039,0.6986
2020-04-03,22.62,16948.7891,17.3962,0.7105
2020-04-06,24.26,18177.6138,18.6574,0.762
2020-04-07,24.53,18379.9203,18.8651,0.7705
2020-04-08,26.05,19518.831,20.0341,0.8183
2020-04-09,27.93,20927.4837,21.4799,0.8773
2020-04-13,26.56,19900.9655,20.4263,0.8343
2020-04-14,26.44,19811.0515,20.334,0.8305
2020-04-15,25.51,19114.218,19.6188,0.8013
2020-04-16,25.16,18851.9688,19.3496,0.7903
2020-04-17,25.51,19114.218,19.6188,0.8013
2020-04-20,24.63,18454.8486,18.942,0.7737
2020-04-21,24.27,18185.1066,18.6651,0.7623
2020-04-22,24.94,18687.1265,19.1804,0.7834
2020-04-23,25.4,19031.7968,19.5342,0.7978
2020-04-24,26.27,19683.6733,20.2032,0.8252
2020-04-27,25.56,19151.6821,19.6572,0.8029
2020-04-28,26.19,19623.7306,20.1417,0.8227
2020-04-29,27.05,20268.1143,20.8031,0.8497
2020-04-30,26.19,19623.7306,20.1417,0.8227
2020-05-01,25.49,19099.2323,19.6034,0.8007
2020-05-04,25.42,19046.7825,19.5495,0.7985
2020-05-05,26.18,19616.2378,20.134,0.8223
2020-05-06,25.01,18739.5763,19.2342,0.7856
2020-05-07,26.45,19818.5443,20.3417,0.8308
2020-05-08,25.98,19466.3811,19.9802,0.8161
2020-05-11,24.38,18267.5278,18.7497,0.7658
2020-05-12,23.25,17420.8376,17.8807,0.7303
2020-05-13,23.27,17435.8233,17.8961,0.7309
2020-05-14,23.32,17473.2875,17.9345,0.7325
2020-05-15,22.77,17061.1816,17.5115,0.7152
2020-05-18,24.01,17990.293,18.4652,0.7542
2020-05-19,23.99,17975.3073,18.4498,0.7536
2020-05-20,25.09,18799.519,19.2958,0.7881
2020-05-21,24.55,18394.906,18.8805,0.7711
2020-05-22,24.54,18387.4131,18.8728,0.7708
2020-05-26,25.64,19211.6248,19.7187,0.8054
2020-05-27,25.8,19331.5101,19.8418,0.8104
2020-05-28,26.99,20223.1573,20.757,0.8478
2020-05-29,27.31,20462.928,21.0031,0.8578
2020-06-01,26.82,20095.7792,20.6262,0.8424
2020-06-02,28.01,20987.4263,21.5414,0.8798
2020-06-03,28.5,21354.5752,21.9183,0.8952
2020-06-04,30.17,22605.8783,23.2026,0.9477
2020-06-05,30.65,22965.5343,23.5717,0.9627
2020-06-08,30.01,22485.993,23.0795,0.9426
2020-06-09,29.59,22171.294,22.7565,0.9295
2020-06-10,29.14,21834.1165,22.4105,0.9153
2020-06-11,27.1,20305.5785,20.8416,0.8512
2020-06-12,27.54,20635.2632,21.18,0.8651
2020-06-15,26.77,20058.315,20.5878,0.8409
2020-06-16,27.82,20845.0625,21.3953,0.8739
2020-06-17,27.35,20492.8993,21.0338,0.8591
2020-06-18,27.48,20590.3062,21.1338,0.8632
2020-06-19,27.13,20328.057,20.8646,0.8522
2020-06-22,27.58,20665.2345,21.2107,0.8663
2020-06-23,27.42,20545.3492,21.0877,0.8613
2020-06-24,26.07,19533.8166,20.0494,0.8189
2020-06-25,26.2,19631.2235,20.1494,0.823
2020-06-26,25.92,19421.4241,19.9341,0.8142
2020-06-29,26.14,19586.2665,20.1033,0.8211
2020-06-30,26.79,20073.3007,27.5325,0.8164
2020-07-01,27.04,20260.6215,27.7894,0.824
2020-07-02,27.57,20657.7417,28.3341,0.8402
2020-07-06,27.53,20627.7703,28.293,0.839
2020-07-07,27.14,20335.5498,27.8922,0.8271
2020-07-08,25.86,19376.4671,26.5767,0.7881
2020-07-09,25.75,19294.046,26.4636,0.7847
2020-07-10,26.62,19945.9225,27.3578,0.8112
2020-07-13,26.84,20110.7648,27.5839,0.8179
2020-07-14,27.08,20290.5928,27.8305,0.8253
2020-07-15,27.94,20934.9765,28.7143,0.8515
2020-07-16,27.92,20919.9908,28.6938,0.8508
2020-07-17,28.35,21242.1827,29.1357,0.864
2020-07-20,27.72,20770.1342,28.4882,0.8448
2020-07-21,28.35,21242.1827,29.1357,0.864
2020-07-22,28.66,21474.4605,29.4543,0.8734
2020-07-23,28.67,21481.9533,29.4646,0.8737
2020-07-24,28.52,21369.5608,29.3104,0.8691
2020-07-27,28.81,21586.853,29.6085,0.878
2020-07-28,28.19,21122.2973,28.9713,0.8591
2020-07-29,28.81,21586.853,29.6085,0.878
2020-07-30,28.48,21339.5895,29.2693,0.8679
2020-07-31,28.56,21399.5322,29.3515,0.8704
2020-08-03,28.52,21369.5608,29.3104,0.8691
2020-08-04,28.71,21511.9247,29.5057,0.8749
2020-08-05,28.55,21392.0393,29.3412,0.87
2020-08-06,25.42,19026.4887,26.1245,0.7747
2020-08-07,25.32,18951.6402,26.0217,0.7716
2020-08-10,25.42,19026.4887,26.1245,0.7747
2020-08-11,26.78,20044.4283,27.5222,0.8161
2020-08-12,26.36,19730.0646,27.0906,0.8033
2020-08-13,26.92,20149.2162,27.6661,0.8204
2020-08-14,27.87,20860.277,28.6424,0.8493
2020-08-17,27.77,20785.4285,28.5396,0.8463
2020-08-18,28.4,21256.974,29.1871,0.8655
2020-08-19,28.56,21376.7316,29.3515,0.8704
2020-08-20,28.8,21556.368,29.5982,0.8777
2020-08-21,28.44,21286.9134,29.2282,0.8667
2020-08-24,28.54,21361.7619,29.331,0.8697
2020-08-25,28.65,21444.0952,29.444,0.8731
2020-08-26,29.23,21878.2166,30.0401,0.8908
2020-08-27,29.29,21923.1256,30.1018,0.8926
2020-08-28,29.52,22095.2772,30.3381,0.8996
2020-08-31,28.55,21369.2468,29.3412,0.87
2020-09-01,29.44,22035.3984,30.2559,0.8972
2020-09-02,30.13,22551.853,30.965,0.9182
2020-09-03,29.41,22012.9439,30.2251,0.8963
2020-09-04,29.32,21945.5802,30.1326,0.8935
2020-09-08,28.3,21182.1255,29.0843,0.8624
2020-09-09,28.74,21511.4589,29.5365,0.8758
2020-09-10,29.14,21810.8529,29.9476,0.888
2020-09-11,29.02,21721.0347,29.8243,0.8844
2020-09-14,28.97,21683.6105,29.7729,0.8828
2020-09-15,29.45,22042.8833,30.2662,0.8975
2020-09-16,29.23,21878.2166,30.0401,0.8908
2020-09-17,29.58,22140.1863,30.3998,0.9014
2020-09-18,28.99,21698.5801,29.7934,0.8835
2020-09-21,28.22,21122.2467,29.0021,0.86
2020-09-22,28.09,21024.9437,28.8685,0.856
2020-09-23,27.46,20553.3981,28.221,0.8368
2020-09-24,27.63,20680.6406,28.3957,0.842
2020-09-25,28.38,21242.0043,29.1665,0.8649
2020-09-28,28.97,21683.6105,29.7729,0.8828
2020-09-29,28.59,21399.1862,29.3824,0.8713
2020-09-30,28.81,21563.8529,32.844,0.8934
2020-10-01,28.68,21466.5498,32.6958,0.8893
2020-10-02,29.37,21983.0045,33.4824,0.9107
2020-10-05,30.11,22536.8834,34.3261,0.9337
2020-10-06,30.09,22521.9137,34.3033,0.933
2020-10-07,30.53,22851.2471,34.8049,0.9467
2020-10-08,32.33,24198.5201,36.8569,1.0025
2020-10-09,33.43,25021.8536,38.1109,1.0366
2020-10-12,33.59,25141.6112,38.2933,1.0416
2020-10-13,33.7,25223.9445,38.4187,1.045
2020-10-14,33.82,25313.7627,38.5555,1.0487
2020-10-15,33.99,25441.0052,38.7494,1.054
2020-10-16,34.08,25508.3688,38.852,1.0568
2020-10-19,33.52,25089.2172,38.2135,1.0394
2020-10-20,33.07,24752.399,37.7005,1.0255
2020-10-21,32.9,24625.1565,37.5067,1.0202
2020-10-22,33.13,24797.3081,37.7689,1.0273
2020-10-23,33.17,24827.2475,37.8145,1.0286
2020-10-26,32.71,24482.9444,37.2901,1.0143
2020-10-27,32.34,24206.0049,36.8683,1.0028
2020-10-28,31.86,23846.7321,36.3211,0.9879
2020-10-29,32.5,24325.7625,37.0507,1.0078
2020-10-30,32.98,24685.0353,37.5979,1.0227
2020-11-02,33.48,25059.2778,38.1679,1.0382
2020-11-03,32.93,24647.6111,37.5409,1.0211
2020-11-04,32.78,24535.3383,37.3699,1.0165
2020-11-05,33.94,25403.5809,38.6923,1.0524
2020-11-06,33.7,25223.9445,38.4187,1.045
2020-11-09,34.64,25927.5204,39.4904,1.0741
2020-11-10,36.23,27117.6116,41.303,1.1234
2020-11-11,36.63,27417.0056,41.759,1.1358
2020-11-12,35.06,26241.8841,39.9692,1.0872
2020-11-13,36.01,26952.9449,41.0522,1.1166
2020-11-16,37.43,28015.7936,42.671,1.1606
2020-11-17,37.02,27708.9147,42.2036,1.1479
2020-11-18,36.69,27461.9147,41.8274,1.1377
2020-11-19,36.96,27664.0056,42.1352,1.1461
2020-11-20,37.16,27813.7026,42.3632,1.1523
2020-11-23,37.79,28285.2482,43.0814,1.1718
2020-11-24,38.9,29116.0665,44.3469,1.2062
2020-11-25,38.58,28876.5513,43.9821,1.1963
2020-11-27,38.41,28749.3089,43.7882,1.191
2020-11-30,38.32,28681.9452,43.6856,1.1882
2020-12-01,38.31,28674.4604,43.6742,1.1879
2020-12-02,38.27,28644.521,43.6286,1.1867
2020-12-03,38.21,28599.6119,43.5602,1.1848
2020-12-04,38.65,28928.9453,44.0619,1.1985
2020-12-07,37.94,28397.5209,43.2524,1.1765
2020-12-08,38.42,28756.7937,43.7996,1.1913
2020-12-09,39.01,29198.3999,44.4723,1.2096
2020-12-10,38.74,28996.3089,44.1645,1.2013
2020-12-11,38.39,28734.3392,43.7654,1.1904
2020-12-14,38.76,29011.2786,44.1873,1.2019
2020-12-15,39.22,29355.5817,44.7117,1.2162
2020-12-16,39.08,29250.7938,44.5521,1.2118
2020-12-17,39.68,29699.8848,45.2361,1.2304
2020-12-18,39.41,29497.7939,44.9283,1.222
2020-12-21,39.55,29602.5818,45.0879,1.2264
2020-12-22,38.98,29175.9453,44.4381,1.2087
2020-12-23,39.18,29325.6423,44.6661,1.2149
2020-12-24,39.5,29565.1575,45.0309,1.2248
2020-12-28,38.35,28704.3998,43.7198,1.1892
2020-12-29,37.94,28397.5209,43.2524,1.1765
2020-12-30,38.44,28771.7634,43.8224,1.192
2020-12-31,38.72,28981.3392,48.0503,1.1596
2021-01-04,38.35,28704.3998,47.5911,1.1486
2021-01-05,38.82,29056.1877,48.1744,1.1626
2021-01-06,41.07,30740.279,50.9665,1.23
2021-01-07,41.8,31286.673,51.8724,1.2519
2021-01-08,43.25,32371.9763,53.6718,1.2953
2021-01-11,43.62,32648.9157,54.131,1.3064
2021-01-12,44.58,33367.4613,55.3223,1.3351
2021-01-13,44.13,33030.6431,54.7639,1.3217
2021-01-14,44.21,33090.5219,54.8632,1.3241
2021-01-15,43.75,32746.2188,54.2923,1.3103
2021-01-19,43.53,32581.5521,54.0193,1.3037
2021-01-20,43.66,32678.8551,54.1806,1.3076
2021-01-21,41.65,31174.4003,51.6863,1.2474
2021-01-22,42.06,31481.2791,52.1951,1.2597
2021-01-25,41.3,30912.4305,51.2519,1.2369
2021-01-26,39.48,29550.1878,48.9934,1.1824
2021-01-27,38.69,28958.8847,48.013,1.1587
2021-01-28,40.29,30156.4607,49.9986,1.2067
2021-01-29,39.86,29834.6121,49.465,1.1938
2021-02-01,40.71,30470.8244,50.5198,1.2192
2021-02-02,41.49,31054.6427,51.4877,1.2426
2021-02-03,41.86,31331.5821,51.9469,1.2537
2021-02-04,42.66,31715.9183,52.9397,1.2776
2021-02-05,43.9,32637.8062,54.4785,1.3148
2021-02-08,43.61,32422.2034,54.1186,1.3061
2021-02-09,43.43,32288.3809,53.8952,1.3007
2021-02-10,43.04,31998.4323,53.4112,1.289
2021-02-11,43.54,32370.1613,54.0317,1.304
2021-02-12,44.37,32987.2315,55.0617,1.3288
2021-02-16,45.28,33663.7782,56.191,1.3561
2021-02-17,44.98,33440.7408,55.8187,1.3471
2021-02-18,44.2,32860.8436,54.8508,1.3238
2021-02-19,45.47,33805.0353,56.4268,1.3618
2021-02-22,46.68,34704.6194,57.9284,1.398
2021-02-23,46.43,34518.7549,57.6181,1.3905
2021-02-24,46.41,34503.8858,57.5933,1.3899
2021-02-25,45.36,33723.2549,56.2903,1.3585
2021-02-26,45.15,33567.1287,56.0297,1.3522
2021-03-01,46.27,34399.8017,57.4196,1.3857
2021-03-02,45.78,34035.5072,56.8115,1.3711
2021-03-03,45.34,33708.3857,56.2655,1.3579
2021-03-04,43.85,32600.6333,54.4164,1.3133
2021-03-05,44.84,33336.6567,55.645,1.3429
2021-03-08,44.9,33381.2642,55.7194,1.3447
2021-03-09,44.71,33240.0072,55.4836,1.339
2021-03-10,47.0,34942.526,58.3255,1.4076
2021-03-11,46.86,34838.4419,58.1517,1.4034
2021-03-12,46.9,34868.1802,58.2014,1.4046
2021-03-15,46.83,34816.1381,58.1145,1.4025
2021-03-16,46.17,34325.4559,57.2955,1.3828
2021-03-17,47.26,35135.8251,58.6481,1.4154
2021-03-18,46.96,34912.7877,58.2758,1.4064
2021-03-19,47.07,34994.5681,58.4123,1.4097
2021-03-22,47.3,35165.5634,58.6978,1.4166
2021-03-23,45.85,34087.5493,56.8984,1.3732
2021-03-24,46.19,34340.325,57.3203,1.3834
2021-03-25,46.78,34778.9652,58.0525,1.401
2021-03-26,47.91,35483.9709,59.4547,1.4349
2021-03-29,47.77,35380.2816,59.281,1.4307
2021-03-30,46.94,34765.552,58.251,1.4058
2021-03-31,46.62,34528.5478,48.6309,1.4027
2021-04-01,46.74,34617.4244,48.7561,1.4064
2021-04-05,47.04,34839.6158,49.069,1.4154
2021-04-06,47.74,35358.0625,49.7992,1.4364
2021-04-07,46.75,34624.8308,48.7665,1.4067
2021-04-08,46.93,34758.1456,48.9543,1.4121
2021-04-09,47.13,34906.2732,49.1629,1.4181
2021-04-12,47.1,34884.0541,49.1316,1.4172
2021-04-13,46.87,34713.7073,48.8917,1.4103
2021-04-14,47.22,34972.9307,49.2568,1.4208
2021-04-15,47.52,35195.1221,49.5697,1.4298
2021-04-16,47.5,35180.3093,49.5488,1.4292
2021-04-19,47.52,35195.1221,49.5697,1.4298
2021-04-20,46.96,34780.3648,48.9856,1.413
2021-04-21,48.28,35758.007,50.3625,1.4527
2021-04-22,48.08,35609.8794,50.1539,1.4467
2021-04-23,48.63,36017.2304,50.7276,1.4632
2021-04-26,48.87,36194.9835,50.9779,1.4704
2021-04-27,49.16,36409.7686,51.2804,1.4792
2021-04-28,49.19,36431.9877,51.3117,1.4801
2021-04-29,49.56,36706.0238,51.6977,1.4912
2021-04-30,48.76,36113.5133,50.8632,1.4671
2021-05-03,49.73,36831.9323,51.875,1.4963
2021-05-04,49.79,36876.3706,51.9376,1.4981
2021-05-05,47.68,35203.1453,49.7366,1.4346
2021-05-06,48.41,35742.1196,50.4981,1.4566
2021-05-07,48.86,36074.3641,50.9675,1.4701
2021-05-10,46.99,34693.7038,49.0168,1.4139
2021-05-11,47.09,34767.5359,49.1212,1.4169
2021-05-12,45.18,33357.3428,47.1288,1.3594
2021-05-13,45.92,33903.7003,47.9007,1.3817
2021-05-14,46.32,34199.0287,48.3179,1.3937
2021-05-17,46.22,34125.1966,48.2136,1.3907
2021-05-18,45.78,33800.3354,47.7547,1.3775
2021-05-19,44.82,33091.5472,46.7532,1.3486
2021-05-20,44.13,32582.1057,46.0335,1.3278
2021-05-21,44.7,33002.9487,46.6281,1.345
2021-05-24,45.15,33335.1932,47.0975,1.3585
2021-05-25,44.6,32929.1166,46.5238,1.342
2021-05-26,44.78,33062.0144,46.7115,1.3474
2021-05-27,45.18,33357.3428,47.1288,1.3594
2021-05-28,45.5,33593.6055,47.4626,1.369
2021-06-01,45.97,33940.6164,47.9529,1.3832
2021-06-02,45.66,33711.7369,47.6295,1.3739
2021-06-03,45.98,33947.9996,47.9633,1.3835
2021-06-04,45.96,33933.2332,47.9424,1.3829
2021-06-07,45.93,33911.0835,47.9111,1.382
2021-06-08,45.9,33888.9339,47.8798,1.3811
2021-06-09,45.49,33586.2223,47.4521,1.3687
2021-06-10,44.56,32899.5838,46.482,1.3408
2021-06-11,44.54,32884.8173,46.4612,1.3402
2021-06-14,43.96,32456.5912,45.8562,1.3227
2021-06-15,44.31,32715.0035,46.2212,1.3332
2021-06-16,43.7,32264.6277,45.5849,1.3149
2021-06-17,43.51,32124.3467,45.3867,1.3092
2021-06-18,42.71,31533.6899,44.5522,1.2851
2021-06-21,43.41,32050.5146,45.2824,1.3062
2021-06-22,43.49,32109.5803,45.3659,1.3086
2021-06-23,43.57,32168.646,45.4493,1.311
2021-06-24,44.35,32744.5364,46.263,1.3344
2021-06-25,44.16,32604.2554,46.0648,1.3287
2021-06-28,44.34,32737.1531,46.2525,1.3341
2021-06-29,44.28,32692.8539,46.19,1.3323
2021-06-30,44.35,32744.5364,40.1198,1.2831
2021-07-01,44.62,32943.883,40.3641,1.2909
2021-07-02,44.5,32855.2845,40.2555,1.2874
2021-07-06,44.09,32552.5729,39.8846,1.2756
2021-07-07,43.38,32028.365,39.2424,1.255
2021-07-08,42.9,31673.9709,38.8081,1.2412
2021-07-09,43.45,32080.0475,39.3057,1.2571
2021-07-12,43.8,32338.4598,39.6223,1.2672
2021-07-13,43.05,31784.7191,38.9438,1.2455
2021-07-14,42.67,31504.1571,38.6001,1.2345
2021-07-15,42.42,31319.5768,38.3739,1.2273
2021-07-16,41.81,30869.201,37.8221,1.2096
2021-07-19,40.93,30219.4785,37.026,1.1842
2021-07-20,41.73,30810.1353,37.7497,1.2073
2021-07-21,42.21,31164.5294,38.184,1.2212
2021-07-22,42.27,31208.8287,38.2382,1.2229
2021-07-23,42.13,31105.4637,38.1116,1.2189
2021-07-26,42.35,31267.8944,38.3106,1.2252
2021-07-27,42.53,31400.7921,38.4734,1.2304
2021-07-28,42.82,31614.9052,38.7358,1.2388
2021-07-29,43.22,31910.2336,39.0976,1.2504
2021-07-30,42.78,31585.3724,38.6996,1.2377
2021-08-02,42.48,31363.8761,38.4282,1.229
2021-08-03,43.07,31799.4855,38.9619,1.2461
2021-08-04,42.27,31208.8287,38.2382,1.2229
2021-08-05,41.44,30596.0222,37.4874,1.1989
2021-08-06,44.76,33047.248,40.4907,1.295
2021-08-09,45.18,33181.1408,40.8707,1.3071
2021-08-10,45.63,33511.6302,41.2778,1.3201
2021-08-11,45.74,33592.4165,41.3773,1.3233
2021-08-12,46.06,33827.4313,41.6667,1.3326
2021-08-13,45.99,33776.0218,41.6034,1.3306
2021-08-16,45.17,33173.7966,40.8616,1.3068
2021-08-17,45.07,33100.3545,40.7712,1.3039
2021-08-18,43.94,32270.4587,39.749,1.2712
2021-08-19,42.55,31249.6136,38.4915,1.231
2021-08-20,41.94,30801.6167,37.9397,1.2134
2021-08-23,41.95,30808.961,37.9488,1.2137
2021-08-24,42.55,31249.6136,38.4915,1.231
2021-08-25,43.78,32152.9514,39.6042,1.2666
2021-08-26,43.99,32307.1798,39.7942,1.2727
2021-08-27,44.18,32446.7198,39.9661,1.2782
2021-08-30,43.76,32138.263,39.5861,1.266
2021-08-31,43.97,32292.4914,39.7761,1.2721
2021-09-01,44.38,32593.604,40.147,1.284
2021-09-02,44.92,32990.1913,40.6355,1.2996
2021-09-03,44.92,32990.1913,40.6355,1.2996
2021-09-07,44.33,32556.8829,40.1018,1.2825
2021-09-08,44.14,32417.3429,39.9299,1.277
2021-09-09,43.58,32006.0672,39.4233,1.2608
2021-09-10,43.42,31888.5598,39.2785,1.2562
2021-09-13,43.14,31682.9219,39.0253,1.2481
2021-09-14,42.26,31036.6315,38.2292,1.2226
2021-09-15,42.97,31558.0704,38.8715,1.2432
2021-09-16,42.58,31271.6462,38.5187,1.2319
2021-09-17,41.87,30750.2073,37.8764,1.2114
2021-09-20,41.49,30471.1273,37.5326,1.2004
2021-09-21,41.4,30405.0294,37.4512,1.1978
2021-09-22,41.94,30801.6167,37.9397,1.2134
2021-09-23,42.41,31146.7946,38.3649,1.227
2021-09-24,42.31,31073.3525,38.2744,1.2241
2021-09-27,43.46,31917.9367,39.3147,1.2574
2021-09-28,43.04,31609.4798,38.9348,1.2452
2021-09-29,42.86,31477.2841,38.772,1.24
2021-09-30,42.08,30904.4357,31.4011,1.2421
2021-10-01,43.5,31947.3135,32.4607,1.284
2021-10-04,42.55,31249.6136,31.7518,1.256
2021-10-05,43.46,31917.9367,32.4309,1.2828
2021-10-06,42.0,30845.682,31.3414,1.2397
2021-10-07,42.49,31205.5483,31.707,1.2542
2021-10-08,42.78,31418.5304,31.9234,1.2628
2021-10-11,42.46,31183.5157,31.6847,1.2533
2021-10-12,41.95,30808.961,31.3041,1.2383
2021-10-13,42.24,31021.943,31.5205,1.2468
2021-10-14,43.37,31851.8388,32.3637,1.2802
2021-10-15,43.51,31954.6577,32.4682,1.2843
2021-10-18,43.28,31785.7409,32.2966,1.2775
2021-10-19,43.63,32042.7882,32.5577,1.2879
2021-10-20,44.13,32409.9987,32.9308,1.3026
2021-10-21,42.71,31367.1209,31.8712,1.2607
2021-10-22,42.75,31396.4978,31.9011,1.2619
2021-10-25,42.52,31227.5809,31.7294,1.2551
2021-10-26,42.71,31367.1209,31.8712,1.2607
2021-10-27,42.11,30926.4683,31.4235,1.243
2021-10-28,43.04,31609.4798,32.1175,1.2704
2021-10-29,43.15,31690.2662,32.1995,1.2737
2021-11-01,43.01,31587.4472,32.0951,1.2696
2021-11-02,42.84,31462.5956,31.9682,1.2645
2021-11-03,44.81,32909.405,33.4383,1.3227
2021-11-04,47.4,34614.6558,35.371,1.3991
2021-11-05,47.6,34760.7092,35.5202,1.405
2021-11-08,46.54,33986.6262,34.7292,1.3738
2021-11-09,47.85,34943.276,35.7068,1.4124
2021-11-10,47.68,34819.1306,35.5799,1.4074
2021-11-11,47.69,34826.4332,35.5874,1.4077
2021-11-12,48.7,35564.0029,36.3411,1.4375
2021-11-15,48.37,35323.0148,36.0948,1.4278
2021-11-16,48.43,35366.8308,36.1396,1.4295
2021-11-17,48.35,35308.4095,36.0799,1.4272
2021-11-18,48.67,35542.0949,36.3187,1.4366
2021-11-19,47.81,34914.0653,35.6769,1.4112
2021-11-22,47.55,34724.1959,35.4829,1.4036
2021-11-23,47.9,34979.7893,35.7441,1.4139
2021-11-24,47.57,34738.8012,35.4979,1.4042
2021-11-26,46.83,34198.4036,34.9456,1.3823
2021-11-29,46.59,34023.1395,34.7666,1.3752
2021-11-30,45.0,32862.015,33.5801,1.3283
2021-12-01,44.66,32613.7242,33.3263,1.3183
2021-12-02,46.19,33731.0327,34.4681,1.3634
2021-12-03,46.04,33621.4927,34.3561,1.359
2021-12-06,47.1,34395.5757,35.1471,1.3903
2021-12-07,47.75,34870.2493,35.6322,1.4095
2021-12-08,48.11,35133.1454,35.9008,1.4201
2021-12-09,48.03,35074.724,35.8411,1.4177
2021-12-10,47.96,35023.6053,35.7889,1.4157
2021-12-13,46.63,34052.3502,34.7964,1.3764
2021-12-14,46.31,33818.6648,34.5576,1.367
2021-12-15,46.09,33658.006,34.3934,1.3605
2021-12-16,46.98,34307.9437,35.0576,1.3867
2021-12-17,46.08,33650.7034,34.386,1.3602
2021-12-20,44.76,32686.7509,33.401,1.3212
2021-12-21,45.82,33460.8339,34.192,1.3525
2021-12-22,45.93,33541.1633,34.274,1.3557
2021-12-23,46.44,33913.5995,34.6546,1.3708
2021-12-27,47.01,34329.8517,35.08,1.3876
2021-12-28,47.38,34600.0505,35.3561,1.3985
2021-12-29,47.35,34578.1425,35.3337,1.3977
2021-12-30,47.12,34410.181,35.1621,1.3909
2021-12-31,47.28,34527.0238,32.814,1.3532
2022-01-03,46.9,34249.5223,32.5503,1.3423
2022-01-04,47.77,34884.8546,33.1541,1.3672
2022-01-05,47.24,34497.8131,32.7862,1.3521
2022-01-06,47.9,34979.7893,33.2443,1.371
2022-01-07,48.42,35359.5281,33.6052,1.3859
2022-01-10,47.39,34607.3531,32.8903,1.3564
2022-01-11,48.41,35352.2255,33.5982,1.3856
2022-01-12,48.86,35680.8456,33.9106,1.3984
2022-01-13,48.9,35710.0563,33.9383,1.3996
2022-01-14,48.6,35490.9762,33.7301,1.391
2022-01-18,48.14,35155.0534,33.4109,1.3778
2022-01-19,47.22,34483.2077,32.7723,1.3515
2022-01-20,46.54,33986.6262,32.3004,1.332
2022-01-21,45.44,33183.3325,31.537,1.3006
2022-01-24,46.07,33643.4007,31.9742,1.3186
2022-01-25,46.05,33628.7954,31.9603,1.318
2022-01-26,46.01,33599.5847,31.9326,1.3169
2022-01-27,46.84,34205.7063,32.5086,1.3406
2022-01-28,47.46,34658.4718,32.9389,1.3584
2022-01-31,48.08,35111.2374,33.3692,1.3761
2022-02-01,47.93,35001.6973,33.2651,1.3718
2022-02-02,48.13,35147.7507,33.4039,1.3776
2022-02-03,48.53,35258.3553,33.6815,1.389
2022-02-04,50.25,36507.9818,34.8753,1.4382
2022-02-07,49.55,35999.4129,34.3894,1.4182
2022-02-08,50.37,36595.165,34.9586,1.4417
2022-02-09,51.54,37445.2016,35.7706,1.4751
2022-02-10,50.95,37016.5507,35.3611,1.4583
2022-02-11,51.05,37089.2034,35.4305,1.4611
2022-02-14,50.9,36980.2243,35.3264,1.4568
2022-02-15,50.89,36972.959,35.3195,1.4565
2022-02-16,51.46,37387.0794,35.7151,1.4729
2022-02-17,51.27,37249.0393,35.5832,1.4674
2022-02-18,50.7,36834.9189,35.1876,1.4511
2022-02-22,50.67,36813.1231,35.1668,1.4502
2022-02-23,50.42,36631.4913,34.9933,1.4431
2022-02-24,50.05,36362.6764,34.7365,1.4325
2022-02-25,51.84,37663.1597,35.9788,1.4837
2022-02-28,52.03,37801.1998,36.1107,1.4892
2022-03-01,50.37,36595.165,34.9586,1.4417
2022-03-02,51.3,37270.8351,35.604,1.4683
2022-03-03,51.52,37430.671,35.7567,1.4746
2022-03-04,51.48,37401.61,35.7289,1.4734
2022-03-07,51.22,37212.7129,35.5485,1.466
2022-03-08,50.08,36384.4722,34.7573,1.4334
2022-03-09,51.53,37437.9363,35.7636,1.4749
2022-03-10,53.59,38934.5819,37.1933,1.5338
2022-03-11,53.65,38978.1736,37.235,1.5355
2022-03-14,54.21,39385.0287,37.6237,1.5516
2022-03-15,54.99,39951.7197,38.165,1.5739
2022-03-16,54.76,39784.6185,38.0054,1.5673
2022-03-17,55.79,40532.9413,38.7202,1.5968
2022-03-18,55.85,40576.533,38.7619,1.5985
2022-03-21,56.95,41389.7568,39.5253,1.63
2022-03-22,56.48,41048.1732,39.1991,1.6165
2022-03-23,57.41,41724.0727,39.8446,1.6432
2022-03-24,58.49,42508.9882,40.5941,1.6741
2022-03-25,59.79,43453.7938,41.4964,1.7113
2022-03-28,59.03,42901.4459,40.9689,1.6895
2022-03-29,58.03,42174.6723,40.2749,1.6609
2022-03-30,58.37,42421.7753,40.5108,1.6706
2022-03-31,57.48,41774.9468,37.4856,1.6225
2022-04-01,58.29,42363.6334,38.0139,1.6453
2022-04-04,58.67,42639.8074,38.2617,1.6561
2022-04-05,58.28,42356.3657,38.0073,1.6451
2022-04-06,58.05,42189.2078,37.8573,1.6386
2022-04-07,58.49,42508.9882,38.1443,1.651
2022-04-08,59.64,43344.7778,38.8943,1.6835
2022-04-11,59.75,43424.7229,38.966,1.6866
2022-04-12,60.63,44064.2837,39.5399,1.7114
2022-04-13,60.95,44296.8512,39.7486,1.7204
2022-04-14,61.01,44340.4576,39.7877,1.7221
2022-04-18,60.95,44296.8512,39.7486,1.7204
2022-04-19,61.14,44434.9382,39.8725,1.7258
2022-04-20,61.32,44565.7575,39.9899,1.7309
2022-04-21,60.21,43759.0388,39.266,1.6995
2022-04-22,57.68,41920.3015,37.6161,1.6281
2022-04-25,57.3,41644.1276,37.3682,1.6174
2022-04-26,56.63,41157.1893,36.9313,1.5985
2022-04-27,57.22,41585.9857,37.3161,1.6151
2022-04-28,57.82,42022.0498,37.7074,1.6321
2022-04-29,57.69,41927.5693,37.6226,1.6284
2022-05-02,57.34,41673.1985,37.3943,1.6185
2022-05-03,57.26,41615.0566,37.3421,1.6163
2022-05-04,59.14,42981.391,38.5682,1.6693
2022-05-05,58.04,42097.5728,37.8508,1.6383
2022-05-06,55.74,40429.3368,36.3509,1.5734
2022-05-09,53.08,38499.9856,34.6162,1.4983
2022-05-10,52.82,38311.4024,34.4466,1.4909
2022-05-11,53.6,38877.152,34.9553,1.513
2022-05-12,54.05,39203.546,35.2487,1.5257
2022-05-13,55.47,40233.5004,36.1748,1.5657
2022-05-16,56.54,41009.5928,36.8726,1.596
2022-05-17,57.61,41785.6852,37.5704,1.6262
2022-05-18,57.09,41408.5188,37.2313,1.6115
2022-05-19,59.0,42793.88,38.4769,1.6654
2022-05-20,59.23,42960.7036,38.6269,1.6719
2022-05-23,60.91,44179.2412,39.7225,1.7193
2022-05-24,62.09,45035.1188,40.492,1.7526
2022-05-25,62.01,44977.0932,40.4399,1.7504
2022-05-26,63.17,45818.4644,41.1964,1.7831
2022-05-27,62.91,45629.8812,41.0268,1.7758
2022-05-31,62.62,45419.5384,40.8377,1.7676
2022-06-01,62.33,45209.1956,40.6486,1.7594
2022-06-02,62.54,45361.5128,40.7855,1.7653
2022-06-03,62.0,44969.84,40.4333,1.7501
2022-06-06,61.72,44766.7504,40.2507,1.7422
2022-06-07,62.38,45245.4616,40.6812,1.7608
2022-06-08,62.0,44969.84,40.4333,1.7501
2022-06-09,61.08,44302.5456,39.8334,1.7241
2022-06-10,57.98,42054.0536,37.8117,1.6366
2022-06-13,56.24,40791.9968,36.677,1.5875
2022-06-14,56.39,40900.7948,36.7748,1.5917
2022-06-15,55.53,40277.0196,36.2139,1.5674
2022-06-16,54.04,39196.2928,35.2422,1.5254
2022-06-17,53.22,38601.5304,34.7075,1.5022
2022-06-21,55.37,40160.9684,36.1096,1.5629
2022-06-22,53.43,38753.8476,34.8444,1.5082
2022-06-23,50.93,36940.5476,33.214,1.4376
2022-06-24,53.56,38848.1392,34.9292,1.5118
2022-06-27,54.24,39341.3568,35.3727,1.531
2022-06-28,54.27,39363.1164,35.3922,1.5319
2022-06-29,54.53,39551.6996,35.5618,1.5392
2022-06-30,54.14,39268.8248,30.6937,1.5076
2022-07-01,54.12,39254.3184,30.6824,1.5071
2022-07-05,52.1,37789.172,29.5372,1.4508
2022-07-06,52.04,37745.6528,29.5031,1.4492
2022-07-07,52.85,38333.162,29.9624,1.4717
2022-07-08,52.73,38246.1236,29.8943,1.4684
2022-07-11,52.91,38376.6812,29.9964,1.4734
2022-07-12,52.56,38122.8192,29.7979,1.4636
2022-07-13,51.97,37694.8804,29.4635,1.4472
2022-07-14,51.49,37346.7268,29.1913,1.4339
2022-07-15,52.0,37716.64,29.4805,1.4481
2022-07-18,52.24,37890.7168,29.6165,1.4547
2022-07-19,53.74,38978.6968,30.4669,1.4965
2022-07-20,54.02,39181.7864,30.6257,1.5043
2022-07-21,53.88,39080.2416,30.5463,1.5004
2022-07-22,54.01,39174.5332,30.62,1.504
2022-07-25,55.47,40233.5004,31.4477,1.5447
2022-07-26,55.46,40226.2472,31.442,1.5444
2022-07-27,56.61,41060.3652,32.094,1.5764
2022-07-28,56.96,41314.2272,32.2924,1.5862
2022-07-29,57.55,41742.166,32.6269,1.6026
2022-08-01,56.9,41270.708,32.2584,1.5845
2022-08-02,55.74,40429.3368,31.6008,1.5522
2022-08-03,55.7,40400.324,31.5781,1.5511
2022-08-04,55.22,40052.1704,31.306,1.5377
2022-08-05,57.9,41996.028,32.8254,1.6124
2022-08-08,59.09,42859.1588,33.5,1.6455
2022-08-09,59.72,43316.1104,33.8572,1.663
2022-08-10,60.09,43584.4788,34.0669,1.6733
2022-08-11,60.27,43715.0364,34.169,1.6783
2022-08-12,61.76,44795.7632,35.0137,1.7198
2022-08-15,61.61,44686.9652,34.9287,1.7157
2022-08-16,62.1,45042.372,35.2065,1.7293
2022-08-17,61.87,44875.5484,35.0761,1.7229
2022-08-18,62.37,45238.2084,35.3595,1.7368
2022-08-19,61.33,44483.8756,34.7699,1.7079
2022-08-22,61.04,44273.5328,34.6055,1.6998
2022-08-23,61.77,44803.0164,35.0194,1.7201
2022-08-24,61.9,44897.308,35.0931,1.7237
2022-08-25,63.24,45869.2368,35.8528,1.7611
2022-08-26,62.32,45201.9424,35.3312,1.7354
2022-08-29,61.91,44904.5612,35.0988,1.724
2022-08-30,61.77,44803.0164,35.0194,1.7201
2022-08-31,61.43,44556.4076,34.8266,1.7107
2022-09-01,60.81,44106.7092,34.4751,1.6934
2022-09-02,61.24,44418.5968,34.7189,1.7054
2022-09-06,60.32,43751.3024,34.1973,1.6797
2022-09-07,61.82,44839.2824,35.0477,1.7215
2022-09-08,62.04,44998.8528,35.1725,1.7276
2022-09-09,62.52,45347.0064,35.4446,1.741
2022-09-12,62.11,45049.6252,35.2121,1.7296
2022-09-13,62.65,45441.298,35.5183,1.7446
2022-09-14,63.81,46282.6692,36.1759,1.7769
2022-09-15,62.12,45056.8784,35.2178,1.7299
2022-09-16,61.35,44498.382,34.7813,1.7084
2022-09-19,61.42,44549.1544,34.821,1.7104
2022-09-20,61.4,44534.648,34.8096,1.7098
2022-09-21,59.23,42960.7036,33.5794,1.6494
2022-09-22,59.76,43345.1232,33.8799,1.6641
2022-09-23,57.92,42010.5344,32.8367,1.6129
2022-09-26,57.61,41785.6852,32.661,1.6043
2022-09-27,57.26,41531.8232,32.4625,1.5945
2022-09-28,58.38,42344.1816,33.0975,1.6257
2022-09-29,57.21,41495.5572,32.4342,1.5931
2022-09-30,57.15,41452.038,32.0948,1.6476
2022-10-03,59.18,42924.4376,33.2348,1.7061
2022-10-04,61.76,44795.7632,34.6837,1.7805
2022-10-05,61.52,44621.6864,34.5489,1.7736
2022-10-06,60.89,44164.7348,34.1951,1.7554
2022-10-07,60.83,44121.2156,34.1614,1.7537
2022-10-10,61.05,44280.786,34.285,1.76
2022-10-11,60.76,43662.136,34.1221,1.7516
2022-10-12,60.79,43683.694,34.139,1.7525
2022-10-13,62.95,45235.87,35.352,1.8148
2022-10-14,58.73,42203.378,32.9821,1.6931
2022-10-17,60.36,43374.696,33.8975,1.7401
2022-10-18,61.62,44280.132,34.6051,1.7764
2022-10-19,61.8,44409.48,34.7062,1.7816
2022-10-20,61.93,44502.898,34.7792,1.7854
2022-10-21,62.88,45185.568,35.3127,1.8128
2022-10-24,63.36,45530.496,35.5823,1.8266
2022-10-25,64.96,46680.256,36.4808,1.8727
2022-10-26,65.87,47334.182,36.9918,1.899
2022-10-27,65.97,47406.042,37.048,1.9018
2022-10-28,66.02,47441.972,37.0761,1.9033
2022-10-31,65.34,46953.324,36.6942,1.8837
2022-11-01,67.11,48225.246,37.6882,1.9347
2022-11-02,66.91,48081.526,37.5759,1.9289
2022-11-03,66.98,48131.828,37.6152,1.931
2022-11-04,65.37,46974.882,36.711,1.8845
2022-11-07,66.04,47456.344,37.0873,1.9039
2022-11-08,67.19,48282.734,37.7331,1.937
2022-11-09,67.05,48182.13,37.6545,1.933
2022-11-10,67.21,48297.106,37.7444,1.9376
2022-11-11,64.77,46543.722,36.3741,1.8672
2022-11-14,66.73,47952.178,37.4748,1.9238
2022-11-15,66.72,47944.992,37.4692,1.9235
2022-11-16,65.35,46960.51,36.6998,1.884
2022-11-17,65.43,47017.998,36.7447,1.8863
2022-11-18,65.2,46852.72,36.6156,1.8796
2022-11-21,65.15,46816.79,36.5875,1.8782
2022-11-22,66.09,47492.274,37.1154,1.9053
2022-11-23,65.8,47283.88,36.9525,1.8969
2022-11-25,66.33,47664.738,37.2502,1.9122
2022-11-28,64.93,46658.698,36.4639,1.8719
2022-11-29,65.57,47118.602,36.8234,1.8903
2022-11-30,67.16,48261.176,37.7163,1.9361
2022-12-01,66.25,47607.25,37.2052,1.9099
2022-12-02,67.31,48368.966,37.8005,1.9405
2022-12-05,64.36,46249.096,36.1438,1.8554
2022-12-06,63.66,45746.076,35.7507,1.8352
2022-12-07,63.76,45817.936,35.8069,1.8381
2022-12-08,63.74,45803.564,35.7957,1.8376
2022-12-09,62.99,45264.614,35.3745,1.8159
2022-12-12,62.29,44761.594,34.9814,1.7958
2022-12-13,62.64,45013.104,35.1779,1.8058
2022-12-14,61.7,44337.62,34.65,1.7787
2022-12-15,60.23,43281.278,33.8245,1.7364
2022-12-16,59.78,42957.908,33.5718,1.7234
2022-12-19,58.3,41894.38,32.7406,1.6807
2022-12-20,58.89,42318.354,33.072,1.6977
2022-12-21,59.39,42677.654,33.3527,1.7121
2022-12-22,58.9,42325.54,33.0776,1.698
2022-12-23,59.38,42670.468,33.3471,1.7119
2022-12-27,59.76,42943.536,33.5605,1.7228
2022-12-28,58.63,42131.518,32.9259,1.6902
2022-12-29,58.98,42383.028,33.1225,1.7003
2022-12-30,58.78,42239.308,31.422,1.6574
2023-01-03,58.93,42347.098,31.5022,1.6616
2023-01-04,59.69,42893.234,31.9085,1.683
2023-01-05,59.04,42426.144,31.561,1.6647
2023-01-06,61.01,43841.786,32.6141,1.7202
2023-01-09,61.11,43913.646,32.6675,1.7231
2023-01-10,61.75,44373.55,33.0097,1.7411
2023-01-11,62.08,44610.688,33.1861,1.7504
2023-01-12,62.58,44969.988,33.4534,1.7645
2023-01-13,62.72,45070.592,33.5282,1.7685
2023-01-17,62.7,45056.22,33.5175,1.7679
2023-01-18,61.51,44201.086,32.8814,1.7343
2023-01-19,62.22,44711.292,33.2609,1.7544
2023-01-20,62.36,44811.896,33.3358,1.7583
2023-01-23,61.9,44481.34,33.0899,1.7453
2023-01-24,62.51,44919.686,33.4159,1.7625
2023-01-25,63.13,45365.218,33.7474,1.78
2023-01-26,63.13,45365.218,33.7474,1.78
2023-01-27,63.83,45868.238,34.1216,1.7998
2023-01-30,62.53,44934.058,33.4266,1.7631
2023-01-31,64.45,46313.77,34.453,1.8172
2023-02-01,64.48,46335.328,34.469,1.8181
2023-02-02,62.0,44231.978,33.1433,1.7482
2023-02-03,61.5,43875.2685,32.876,1.7341
2023-02-06,60.7,43304.5333,32.4484,1.7115
2023-02-07,60.71,43311.6675,32.4537,1.7118
2023-02-08,61.88,44146.3677,33.0792,1.7448
2023-02-09,62.6,44660.0294,33.4641,1.7651
2023-02-10,64.47,45994.1229,34.4637,1.8178
2023-02-13,62.47,44567.2849,33.3946,1.7614
2023-02-14,62.18,44360.3934,33.2395,1.7532
2023-02-15,62.11,44310.4541,33.2021,1.7513
2023-02-16,62.75,44767.0423,33.5442,1.7693
2023-02-17,61.81,44096.4284,33.0417,1.7428
2023-02-21,60.06,42847.9451,32.1062,1.6935
2023-02-22,61.94,44189.1729,33.1112,1.7465
2023-02-23,62.0,44231.978,33.1433,1.7482
2023-02-24,61.68,44003.6839,32.9722,1.7391
2023-02-27,62.11,44310.4541,33.2021,1.7513
2023-02-28,62.29,44438.8695,33.2983,1.7563
2023-03-01,62.15,44338.9908,33.2235,1.7524
2023-03-02,63.55,45337.7774,33.9719,1.7919
2023-03-03,63.7,45444.7903,34.0521,1.7961
2023-03-06,63.25,45123.7517,33.8115,1.7834
2023-03-07,62.97,44923.9944,33.6618,1.7755
2023-03-08,62.2,44374.6618,33.2502,1.7538
2023-03-09,59.92,42748.0665,32.0314,1.6895
2023-03-10,58.89,41965.3332,31.4808,1.6605
2023-03-13,58.62,41772.9298,31.3365,1.6529
2023-03-14,58.92,41986.7114,31.4968,1.6613
2023-03-15,56.85,40511.6182,30.3903,1.603
2023-03-16,56.96,40590.0048,30.4491,1.6061
2023-03-17,56.61,40340.5929,30.262,1.5962
2023-03-20,57.62,41060.3244,30.8019,1.6247
2023-03-21,58.51,41694.5432,31.2777,1.6498
2023-03-22,57.44,40932.0554,30.7057,1.6196
2023-03-23,56.81,40483.114,30.3689,1.6018
2023-03-24,56.84,40504.4921,30.3849,1.6027
2023-03-27,57.7,41117.3328,30.8447,1.6269
2023-03-28,58.1,41402.375,31.0585,1.6382
2023-03-29,59.94,42713.5689,32.0421,1.6901
2023-03-30,59.95,42720.695,32.0474,1.6904
2023-03-31,60.31,42977.2329,28.0152,1.6743
2023-04-03,61.0,43468.9307,28.3357,1.6935
2023-04-04,60.4,43041.3674,28.057,1.6768
2023-04-05,60.72,43269.4012,28.2057,1.6857
2023-04-06,59.8,42613.8042,27.7783,1.6602
2023-04-10,60.29,42962.9808,28.0059,1.6738
2023-04-11,60.93,43419.0483,28.3032,1.6915
2023-04-12,61.79,44031.889,28.7027,1.7154
2023-04-13,62.72,44694.612,29.1347,1.7412
2023-04-14,62.13,44274.1748,28.8607,1.7248
2023-04-17,62.77,44730.2423,29.1579,1.7426
2023-04-18,62.97,44872.7634,29.2508,1.7482
2023-04-19,62.25,44359.6875,28.9164,1.7282
2023-04-20,61.89,44103.1495,28.7492,1.7182
2023-04-21,61.48,43810.9813,28.5587,1.7068
2023-04-24,61.51,43832.3594,28.5726,1.7076
2023-04-25,60.53,43134.0061,28.1174,1.6804
2023-04-26,59.64,42499.7873,27.704,1.6557
2023-04-27,60.67,43233.7709,28.1825,1.6843
2023-04-28,61.12,43554.4433,28.3915,1.6968
2023-05-01,61.46,43796.7292,28.5494,1.7062
2023-05-02,60.64,43212.3927,28.1685,1.6835
2023-05-03,60.0,42756.3253,27.8712,1.6657
2023-05-04,56.88,40423.3646,26.4219,1.5791
2023-05-05,58.25,41396.9935,27.0583,1.6171
2023-05-08,57.59,40927.946,26.7517,1.5988
2023-05-09,57.1,40579.7138,26.5241,1.5852
2023-05-10,57.57,40913.7325,26.7424,1.5983
2023-05-11,56.83,40387.8307,26.3987,1.5777
2023-05-12,57.02,40522.8596,26.487,1.583
2023-05-15,57.9,41148.2562,26.8957,1.6074
2023-05-16,56.97,40487.3257,26.4637,1.5816
2023-05-17,55.96,39769.5409,25.9946,1.5536
2023-05-18,56.19,39932.9968,26.1014,1.5599
2023-05-19,56.97,40487.3257,26.4637,1.5816
2023-05-22,56.86,40409.1511,26.4126,1.5785
2023-05-23,56.03,39819.2883,26.0271,1.5555
2023-05-24,55.25,39264.9595,25.6648,1.5338
2023-05-25,54.85,38980.6883,25.4789,1.5227
2023-05-26,55.17,39208.1053,25.6276,1.5316
2023-05-30,54.97,39065.9697,25.5347,1.5261
2023-05-31,53.49,38014.1662,24.8472,1.485
2023-06-01,53.86,38277.1171,25.0191,1.4953
2023-06-02,55.92,39741.1138,25.976,1.5524
2023-06-05,56.2,39940.1036,26.106,1.5602
2023-06-06,57.62,40949.2664,26.7657,1.5996
2023-06-07,58.09,41283.285,26.984,1.6127
2023-06-08,57.83,41098.5087,26.8632,1.6055
2023-06-09,56.44,40110.6663,26.2175,1.5669
2023-06-12,57.0,40508.646,26.4777,1.5824
2023-06-13,57.7,41006.1206,26.8028,1.6019
2023-06-14,57.03,40529.9663,26.4916,1.5833
2023-06-15,57.68,40991.907,26.7935,1.6013
2023-06-16,57.23,40672.1019,26.5845,1.5888
2023-06-20,56.54,40181.7341,26.264,1.5697
2023-06-21,58.57,41624.4105,27.207,1.626
2023-06-22,57.89,41141.1494,26.8911,1.6071
2023-06-23,57.23,40672.1019,26.5845,1.5888
2023-06-26,58.01,41226.4308,26.9468,1.6105
2023-06-27,57.33,40743.1697,26.631,1.5916
2023-06-28,56.94,40466.0053,26.4498,1.5808
2023-06-29,57.7,41006.1206,26.8028,1.6019
2023-06-30,57.3,40721.8494,27.4732,1.5505
2023-07-03,58.0,41219.324,27.8088,1.5695
2023-07-05,56.55,40188.8409,27.1136,1.5302
2023-07-06,56.62,40238.5884,27.1472,1.5321
2023-07-07,57.3,40721.8494,27.4732,1.5505
2023-07-10,54.09,38440.573,25.9341,1.4637
2023-07-11,54.52,38746.1646,26.1403,1.4753
2023-07-12,54.03,38397.9323,25.9053,1.4621
2023-07-13,54.61,38810.1256,26.1834,1.4778
2023-07-14,54.25,38554.2815,26.0108,1.468
2023-07-17,54.59,38795.912,26.1738,1.4772
2023-07-18,55.1,39158.3578,26.4184,1.491
2023-07-19,56.19,39932.9968,26.941,1.5205
2023-07-20,56.62,40238.5884,27.1472,1.5321
2023-07-21,56.35,40046.7053,27.0177,1.5248
2023-07-24,56.7,40295.4426,27.1855,1.5343
2023-07-25,56.23,39961.4239,26.9602,1.5216
2023-07-26,55.79,39648.7256,26.7492,1.5097
2023-07-27,55.59,39506.59,26.6533,1.5043
2023-07-28,56.14,39897.4629,26.917,1.5192
2023-07-31,56.43,40103.5595,27.0561,1.527
2023-08-01,55.94,39755.3273,26.8211,1.5137
2023-08-02,55.9,39726.9002,26.8019,1.5127
2023-08-03,55.69,39577.6578,26.7013,1.507
2023-08-04,56.02,39812.1816,26.8595,1.5159
2023-08-07,54.57,38718.2881,26.1643,1.4767
2023-08-08,54.18,38441.5769,25.9773,1.4661
2023-08-09,53.37,37866.8689,25.5889,1.4442
2023-08-10,52.21,37043.8304,25.0327,1.4128
2023-08-11,52.41,37185.7336,25.1286,1.4182
2023-08-14,52.0,36894.832,24.932,1.4071
2023-08-15,50.65,35936.9854,24.2848,1.3706
2023-08-16,50.01,35482.8952,23.9779,1.3533
2023-08-17,50.43,35780.8919,24.1793,1.3646
2023-08-18,50.76,36015.0322,24.3375,1.3736
2023-08-21,50.21,35624.7984,24.0738,1.3587
2023-08-22,49.38,35035.9001,23.6758,1.3362
2023-08-23,49.08,34823.0453,23.532,1.3281
2023-08-24,49.65,35227.4694,23.8053,1.3435
2023-08-25,49.94,35433.229,23.9443,1.3514
2023-08-28,50.93,36135.6499,24.419,1.3782
2023-08-29,51.31,36405.266,24.6012,1.3885
2023-08-30,51.26,36369.7902,24.5772,1.3871
2023-08-31,50.51,35837.6532,24.2176,1.3668
2023-09-01,51.11,36263.3628,24.5053,1.383
2023-09-05,50.96,36156.9354,24.4334,1.379
2023-09-06,50.5,35830.558,24.2128,1.3665
2023-09-07,49.56,35163.613,23.7621,1.3411
2023-09-08,49.58,35177.8033,23.7717,1.3416
2023-09-11,49.81,35340.992,23.882,1.3479
2023-09-12,51.63,36632.3111,24.7546,1.3971
2023-09-13,51.99,36887.7368,24.9272,1.4069
2023-09-14,52.61,37327.6368,25.2245,1.4236
2023-09-15,52.55,37285.0658,25.1957,1.422
2023-09-18,51.87,36802.5949,24.8697,1.4036
2023-09-19,52.54,37277.9706,25.1909,1.4217
2023-09-20,51.77,36731.6433,24.8218,1.4009
2023-09-21,51.53,36561.3595,24.7067,1.3944
2023-09-22,51.42,36483.3127,24.6539,1.3914
2023-09-25,51.27,36376.8853,24.582,1.3874
2023-09-26,50.79,36036.3176,24.3519,1.3744
2023-09-27,50.75,36007.937,24.3327,1.3733
2023-09-28,50.91,36121.4596,24.4094,1.3776
2023-09-29,51.16,36298.8386,26.1577,1.4295
2023-10-02,50.05,35511.2758,25.5901,1.3985
2023-10-03,50.34,35717.0354,25.7384,1.4066
2023-10-04,50.45,35795.0822,25.7946,1.4097
2023-10-05,49.83,35355.1823,25.4776,1.3924
2023-10-06,50.05,35511.2758,25.5901,1.3985
2023-10-09,50.59,35894.4144,25.8662,1.4136
2023-10-10,50.52,35844.7483,25.8304,1.4117
2023-10-11,49.88,35390.6581,25.5032,1.3938
2023-10-12,49.44,35078.471,25.2782,1.3815
2023-10-13,49.55,35156.5178,25.3345,1.3846
2023-10-16,49.81,35340.992,25.4674,1.3918
2023-10-17,51.56,36582.645,26.3622,1.4407
2023-10-18,51.23,36348.5047,26.1934,1.4315
2023-10-19,50.96,36156.9354,26.0554,1.424
2023-10-20,50.26,35660.2742,25.6975,1.4044
2023-10-23,48.77,34603.0953,24.9357,1.3628
2023-10-24,48.41,34347.6696,24.7516,1.3527
2023-10-25,48.63,34503.7631,24.8641,1.3588
2023-10-26,48.71,34560.5244,24.905,1.3611
2023-10-27,47.82,33929.0551,24.4499,1.3362
2023-10-30,48.22,34212.8615,24.6545,1.3474
2023-10-31,48.14,34156.1002,24.6136,1.3452
2023-11-01,47.74,33872.2938,24.409,1.334
2023-11-02,49.56,35163.613,25.3396,1.3848
2023-11-03,50.23,35638.9887,25.6822,1.4036
2023-11-06,49.97,35454.5145,25.5492,1.3963
2023-11-07,49.28,34964.9485,25.1964,1.377
2023-11-08,48.62,34496.6679,24.859,1.3586
2023-11-09,44.51,31374.2088,22.7576,1.2437
2023-11-10,43.55,30697.524,22.2667,1.2169
2023-11-13,45.29,31924.0152,23.1564,1.2655
2023-11-14,46.28,32621.8464,23.6626,1.2932
2023-11-15,46.73,32939.0424,23.8926,1.3058
2023-11-16,46.97,33108.2136,24.0153,1.3125
2023-11-17,47.32,33354.9216,24.1943,1.3222
2023-11-20,46.86,33030.6768,23.9591,1.3094
2023-11-21,46.27,32614.7976,23.6574,1.2929
2023-11-22,46.36,32678.2368,23.7035,1.2954
2023-11-24,46.67,32896.7496,23.862,1.3041
2023-11-27,45.73,32234.1624,23.3813,1.2778
2023-11-28,45.5,32072.04,23.2637,1.2714
2023-11-29,45.5,32072.04,23.2637,1.2714
2023-11-30,45.2,31860.576,23.1104,1.263
2023-12-01,46.2,32565.456,23.6216,1.2909
2023-12-04,45.22,31874.6736,23.1206,1.2636
2023-12-05,43.89,30937.1832,22.4406,1.2264
2023-12-06,44.15,31120.452,22.5735,1.2337
2023-12-07,44.5,31367.16,22.7525,1.2434
2023-12-08,45.15,31825.332,23.0848,1.2616
2023-12-11,45.8,32283.504,23.4171,1.2798
2023-12-12,44.81,31585.6728,22.911,1.2521
2023-12-13,45.54,32100.2352,23.2842,1.2725
2023-12-14,46.54,32805.1152,23.7955,1.3004
2023-12-15,46.55,32812.164,23.8006,1.3007
2023-12-18,47.18,33256.2384,24.1227,1.3183
2023-12-19,47.86,33735.5568,24.4704,1.3373
2023-12-20,46.59,32840.3592,23.8211,1.3018
2023-12-21,47.29,33333.7752,24.179,1.3214
2023-12-22,47.46,33453.6048,24.2659,1.3262
2023-12-26,48.0,33834.24,24.542,1.3412
2023-12-27,47.98,33820.1424,24.5317,1.3407
2023-12-28,48.09,33897.6792,24.588,1.3438
2023-12-29,47.92,33777.8496,25.8438,1.3422
2024-01-02,48.56,34228.9728,26.1889,1.3601
2024-01-03,48.08,33890.6304,25.9301,1.3467
2024-01-04,47.6,33552.288,25.6712,1.3332
2024-01-05,47.33,33361.9704,25.5256,1.3257
2024-01-08,47.01,33136.4088,25.353,1.3167
2024-01-09,46.51,32783.9688,25.0833,1.3027
2024-01-10,46.05,32459.724,24.8353,1.2898
2024-01-11,46.03,32445.6264,24.8245,1.2893
2024-01-12,46.11,32502.0168,24.8676,1.2915
2024-01-16,45.49,32064.9912,24.5332,1.2741
2024-01-17,44.84,31606.8192,24.1827,1.2559
2024-01-18,44.41,31303.7208,23.9508,1.2439
2024-01-19,45.6,32142.528,24.5926,1.2772
2024-01-22,44.97,31698.4536,24.2528,1.2596
2024-01-23,45.43,32022.6984,24.5009,1.2724
2024-01-24,45.41,32008.6008,24.4901,1.2719
2024-01-25,45.24,31888.7712,24.3984,1.2671
2024-01-26,45.86,32325.7968,24.7328,1.2845
2024-01-29,45.93,32375.1384,24.7705,1.2865
2024-01-30,45.83,32304.6504,24.7166,1.2837
2024-01-31,45.48,32057.9424,24.5278,1.2738
2024-02-01,54.06,38105.8128,29.1551,1.5142
2024-02-02,53.04,37386.8352,28.605,1.4856
2024-02-05,51.8,36512.784,27.9363,1.4509
2024-02-06,52.09,36717.1992,28.0927,1.459
2024-02-07,54.07,38112.8616,29.1605,1.5144
2024-02-08,53.24,37362.9269,28.7129,1.4912
2024-02-09,53.6,37615.5688,28.907,1.5013
2024-02-12,55.04,38626.1363,29.6837,1.5416
2024-02-13,53.63,37636.6223,28.9232,1.5021
2024-02-14,54.08,37952.4246,29.1659,1.5147
2024-02-15,54.68,38373.4944,29.4895,1.5315
2024-02-16,54.8,38457.7084,29.5542,1.5349
2024-02-20,54.36,38148.9239,29.3169,1.5226
2024-02-21,54.22,38050.6743,29.2414,1.5186
2024-02-22,54.71,38394.5479,29.5057,1.5324
2024-02-23,54.9,38527.8867,29.6082,1.5377
2024-02-26,54.82,38471.7441,29.565,1.5355
2024-02-27,55.13,38689.2968,29.7322,1.5441
2024-02-28,54.54,38275.2448,29.414,1.5276
2024-02-29,53.52,37559.4262,28.8639,1.499
2024-03-01,53.66,37657.6758,28.9394,1.503
2024-03-04,53.61,37622.5866,28.9124,1.5016
2024-03-05,53.94,37854.175,29.0904,1.5108
2024-03-06,54.03,37917.3355,29.139,1.5133
2024-03-07,54.49,38240.1557,29.387,1.5262
2024-03-08,54.68,38373.4944,29.4895,1.5315
2024-03-11,55.09,38661.2255,29.7106,1.543
2024-03-12,55.11,38675.2611,29.7214,1.5436
2024-03-13,55.3,38808.5999,29.8239,1.5489
2024-03-14,55.2,38738.4216,29.7699,1.5461
2024-03-15,55.09,38661.2255,29.7106,1.543
2024-03-18,54.71,38394.5479,29.5057,1.5324
2024-03-19,54.67,38366.4766,29.4841,1.5312
2024-03-20,55.73,39110.3666,30.0558,1.5609
2024-03-21,55.78,39145.4557,30.0827,1.5623
2024-03-22,55.07,38647.1898,29.6998,1.5425
2024-03-25,55.63,39040.1883,30.0018,1.5581
2024-03-26,56.3,39510.3829,30.3632,1.5769
2024-03-27,57.0,40001.631,30.7407,1.5965
2024-03-28,57.67,40471.8256,37.7271,1.6248
2024-04-01,57.68,40478.8434,37.7336,1.6251
2024-04-02,57.17,40120.9341,37.4,1.6107
2024-04-03,57.41,40289.362,37.557,1.6175
2024-04-04,56.95,39966.5419,37.2561,1.6045
2024-04-05,56.85,39896.3636,37.1907,1.6017
2024-04-08,57.52,40366.5582,37.629,1.6206
2024-04-09,57.52,40366.5582,37.629,1.6206
2024-04-10,57.16,40113.9163,37.3934,1.6105
2024-04-11,56.46,39622.6682,36.9355,1.5907
2024-04-12,53.76,37727.8541,35.1692,1.5147
2024-04-15,53.67,37664.6936,35.1103,1.5121
2024-04-16,53.32,37419.0696,34.8814,1.5023
2024-04-17,53.53,37566.444,35.0187,1.5082
2024-04-18,53.96,37868.2107,35.3,1.5203
2024-04-19,54.8,38457.7084,35.8496,1.544
2024-04-22,55.2,38738.4216,36.1112,1.5552
2024-04-23,55.18,38724.3859,36.0982,1.5547
2024-04-24,54.77,38436.6549,35.8299,1.5431
2024-04-25,54.7,38387.5301,35.7841,1.5411
2024-04-26,54.92,38541.9224,35.9281,1.5473
2024-04-29,55.5,38948.9565,36.3075,1.5637
2024-04-30,54.13,37987.5138,35.4113,1.5251
2024-05-01,53.91,37833.1215,35.2673,1.5189
2024-05-02,56.98,39713.6925,37.2757,1.6054
2024-05-03,57.16,39839.1482,37.3934,1.6105
2024-05-06,56.36,39281.5674,36.8701,1.5879
2024-05-07,57.52,40090.0595,37.629,1.6206
2024-05-08,56.82,39602.1763,37.171,1.6009
2024-05-09,57.83,40306.1221,37.8318,1.6293
2024-05-10,57.48,40062.1805,37.6028,1.6195
2024-05-13,57.3,39936.7248,37.485,1.6144
2024-05-14,57.55,40110.9688,37.6486,1.6214
2024-05-15,57.13,39818.2389,37.3738,1.6096
2024-05-16,56.0,39030.656,36.6346,1.5778
2024-05-17,56.45,39344.2952,36.929,1.5905
2024-05-20,56.74,39546.4182,37.1187,1.5986
2024-05-21,56.65,39483.6904,37.0598,1.5961
2024-05-22,56.98,39713.6925,37.2757,1.6054
2024-05-23,55.57,38730.9563,36.3533,1.5657
2024-05-24,55.51,38689.1378,36.314,1.564
2024-05-28,55.66,38793.6842,36.4122,1.5682
2024-05-29,54.27,37824.8875,35.5028,1.529
2024-05-30,55.24,38500.9542,36.1374,1.5564
2024-05-31,55.94,38988.8374,36.5953,1.5761
2024-06-03,55.57,38730.9563,36.3533,1.5657
2024-06-04,53.7,37427.6112,35.13,1.513
2024-06-05,54.06,37678.5226,35.3655,1.5231
2024-06-06,54.92,38277.9219,35.9281,1.5473
2024-06-07,52.9,36870.0304,34.6066,1.4904
2024-06-10,51.71,36040.629,33.8281,1.4569
2024-06-11,51.64,35991.8406,33.7823,1.4549
2024-06-12,51.94,36200.9334,33.9786,1.4634
2024-06-13,51.58,35950.0221,33.7431,1.4532
2024-06-14,51.18,35671.2317,33.4814,1.442
2024-06-17,52.04,36270.631,34.044,1.4662
2024-06-18,51.89,36166.0846,33.9459,1.462
2024-06-20,52.37,36500.6331,34.2599,1.4755
2024-06-21,52.92,36883.9699,34.6197,1.491
2024-06-24,52.91,36877.0002,34.6131,1.4907
2024-06-25,53.04,36967.607,34.6982,1.4944
2024-06-26,53.64,37385.7926,35.0907,1.5113
2024-06-27,53.65,37392.7624,35.0972,1.5116
2024-06-28,53.94,37594.8854,30.2704,1.4859
2024-07-01,53.07,36988.5163,29.7821,1.4619
2024-07-02,52.77,36779.4235,29.6138,1.4537
2024-07-03,52.48,36577.3005,29.451,1.4457
2024-07-05,52.44,36549.4214,29.4286,1.4446
2024-07-08,51.72,36047.5987,29.0245,1.4248
2024-07-09,50.72,35350.6227,28.4633,1.3972
2024-07-10,51.02,35559.7155,28.6317,1.4055
2024-07-11,52.27,36430.9355,29.3332,1.4399
2024-07-12,53.1,37009.4256,29.799,1.4628
2024-07-15,52.9,36870.0304,29.6867,1.4573
2024-07-16,54.2,37776.0992,30.4163,1.4931
2024-07-17,55.54,38710.047,31.1683,1.53
2024-07-18,55.2,38473.0752,30.9775,1.5206
2024-07-19,54.78,38180.3453,30.7418,1.509
2024-07-22,54.77,38173.3755,30.7361,1.5088
2024-07-23,54.39,37908.5246,30.5229,1.4983
2024-07-24,53.82,37511.2483,30.203,1.4826
2024-07-25,55.28,38528.8333,31.0224,1.5228
2024-07-26,55.39,38605.5006,31.0841,1.5259
2024-07-29,55.46,38654.289,31.1234,1.5278
2024-07-30,55.53,38703.0773,31.1626,1.5297
2024-07-31,56.1,39100.3536,31.4825,1.5454
2024-08-01,53.0,36689.091,29.7428,1.46
2024-08-02,51.58,35706.1003,28.946,1.4209
2024-08-05,51.31,35519.1936,28.7944,1.4135
2024-08-06,51.18,35429.2015,28.7215,1.4099
2024-08-07,50.78,35152.3027,28.497,1.3989
2024-08-08,51.55,35685.3329,28.9291,1.4201
2024-08-09,51.56,35692.2553,28.9347,1.4203
2024-08-12,51.22,35456.8913,28.7439,1.411
2024-08-13,51.73,35809.9373,29.0301,1.425
2024-08-14,51.99,35989.9215,29.1761,1.4322
2024-08-15,52.76,36522.9517,29.6082,1.4534
2024-08-16,53.8,37242.8886,30.1918,1.4821
2024-08-19,54.31,37595.9346,30.478,1.4961
2024-08-20,53.6,37104.4392,30.0796,1.4765
2024-08-21,54.28,37575.1672,30.4612,1.4953
2024-08-22,54.55,37762.0738,30.6127,1.5027
2024-08-23,55.58,38475.0883,31.1907,1.5311
2024-08-26,55.65,38523.5455,31.23,1.533
2024-08-27,55.56,38461.2433,31.1795,1.5305
2024-08-28,56.0,38765.832,31.4264,1.5427
2024-08-29,57.0,39458.079,31.9876,1.5702
2024-08-30,57.3,39665.7531,32.1559,1.5785
2024-09-03,55.57,38468.1658,31.1851,1.5308
2024-09-04,55.5,38419.7085,31.1458,1.5289
2024-09-05,55.11,38149.7322,30.9269,1.5181
2024-09-06,55.33,38302.0265,31.0504,1.5242
2024-09-09,55.8,38627.3826,31.3142,1.5371
2024-09-10,55.38,38336.6389,31.0785,1.5256
2024-09-11,55.15,38177.422,30.9494,1.5192
2024-09-12,55.7,38558.1579,31.258,1.5344
2024-09-13,56.63,39201.9476,31.78,1.56
2024-09-16,56.27,38952.7387,31.5779,1.5501
2024-09-17,57.04,39485.7689,32.01,1.5713
2024-09-18,57.44,39762.6677,32.2345,1.5823
2024-09-19,58.6,40565.6742,32.8855,1.6143
2024-09-20,57.58,39859.5823,32.3131,1.5862
2024-09-23,58.0,40150.326,32.5488,1.5978
2024-09-24,57.85,40046.489,32.4646,1.5936
2024-09-25,57.15,39561.9161,32.0718,1.5743
2024-09-26,58.02,40164.1709,32.56,1.5983
2024-09-27,58.58,40551.8293,32.8743,1.6137
2024-09-30,58.79,40697.2011,38.15,1.6379
2024-10-01,57.99,40143.4035,37.6309,1.6156
2024-10-02,58.64,40593.3641,38.0527,1.6337
2024-10-03,58.09,40212.6282,37.6958,1.6184
2024-10-04,58.33,40378.7675,37.8515,1.6251
2024-10-07,57.46,39776.5126,37.287,1.6008
2024-10-08,56.89,39381.9318,36.9171,1.5849
2024-10-09,56.5,39111.9555,36.664,1.5741
2024-10-10,56.55,39146.5678,36.6964,1.5755
2024-10-11,56.84,39347.3195,36.8846,1.5836
2024-10-14,57.76,39984.1867,37.4816,1.6092
2024-10-15,57.3,39665.7531,37.1831,1.5964
2024-10-16,58.95,40807.9607,38.2539,1.6423
2024-10-17,58.95,40807.9607,38.2539,1.6423
2024-10-18,59.41,41126.3943,38.5524,1.6552
2024-10-21,59.25,41015.6348,38.4485,1.6507
2024-10-22,59.12,40925.6426,38.3642,1.6471
2024-10-23,60.79,42081.6951,39.4479,1.6936
2024-10-24,60.78,42074.7727,39.4414,1.6933
2024-10-25,60.35,41777.1065,39.1623,1.6813
2024-10-28,61.13,42317.0591,39.6685,1.7031
2024-10-29,60.79,42081.6951,39.4479,1.6936
2024-10-30,61.57,42621.6478,39.954,1.7153
2024-10-31,60.92,42171.6872,39.5322,1.6972
2024-11-01,60.86,42130.1524,39.4933,1.6956
2024-11-04,61.21,42372.4389,39.7204,1.7053
2024-11-05,61.75,42746.2523,40.0708,1.7203
2024-11-06,61.74,42739.3298,40.0643,1.7201
2024-11-07,58.64,40593.3641,38.0527,1.6337
2024-11-08,58.33,40378.7675,37.8515,1.6251
2024-11-11,58.52,40510.2944,37.9748,1.6304
2024-11-12,57.13,39548.0711,37.0728,1.5916
2024-11-13,57.66,39914.962,37.4168,1.6064
2024-11-14,57.41,39741.9003,37.2545,1.5994
2024-11-15,55.21,38218.9569,35.8269,1.5381
2024-11-18,56.99,39451.1565,36.982,1.5877
2024-11-19,58.24,40316.4653,37.7931,1.6226
2024-11-20,58.76,40676.4337,38.1306,1.637
2024-11-21,60.76,42060.9277,39.4284,1.6928
2024-11-22,61.23,42386.2838,39.7334,1.7059
2024-11-25,64.13,44393.8001,41.6153,1.7867
2024-11-26,63.25,43784.6227,41.0442,1.7621
2024-11-27,62.5,43265.4375,40.5575,1.7412
2024-11-29,62.24,43085.4533,40.3888,1.734
2024-12-02,62.23,43078.5308,40.3823,1.7337
2024-12-03,62.0,42919.314,40.2331,1.7273
2024-12-04,61.17,42344.749,39.6945,1.7042
2024-12-05,60.78,42074.7727,39.4414,1.6933
2024-12-06,59.49,41181.774,38.6043,1.6574
2024-12-09,59.74,41354.8358,38.7665,1.6643
2024-12-10,59.42,41133.3167,38.5589,1.6554
2024-12-11,59.78,41382.5257,38.7925,1.6655
2024-12-12,59.3,41050.2471,38.481,1.6521
2024-12-13,59.49,41181.774,38.6043,1.6574
2024-12-16,58.95,40807.9607,38.2539,1.6423
2024-12-17,58.57,40544.9068,38.0073,1.6318
2024-12-18,56.41,39049.6533,36.6056,1.5716
2024-12-19,56.16,38876.5915,36.4434,1.5646
2024-12-20,57.48,39790.3576,37.2999,1.6014
2024-12-23,56.92,39402.6992,36.9366,1.5858
2024-12-24,57.48,39790.3576,37.2999,1.6014
2024-12-26,57.43,39755.7452,37.2675,1.6
2024-12-27,57.24,39624.2183,37.1442,1.5947
2024-12-30,56.56,39153.4903,36.7029,1.5758
2024-12-31,56.96,39430.3891,33.2843,1.6416
2025-01-02,56.34,39001.196,32.922,1.6237
2025-01-03,55.94,38724.2972,32.6883,1.6122
2025-01-06,56.94,39416.5442,33.2726,1.641
2025-01-07,57.03,39478.8464,33.3252,1.6436
2025-01-08,57.15,39561.9161,33.3954,1.6471
2025-01-10,57.09,39520.3812,33.3603,1.6453
2025-01-13,59.93,41486.3627,35.0198,1.7272
2025-01-14,60.89,42150.9198,35.5808,1.7548
2025-01-15,60.92,42171.6872,35.5983,1.7557
2025-01-16,61.63,42663.1826,36.0132,1.7762
2025-01-17,62.32,43140.833,36.4164,1.7961
2025-01-21,63.12,43694.6306,36.8839,1.8191
2025-01-22,62.51,43272.36,36.5274,1.8015
2025-01-23,64.19,44435.3349,37.5091,1.8499
2025-01-24,63.96,44276.1181,37.3747,1.8433
2025-01-27,64.47,44629.1641,37.6728,1.858
2025-01-28,64.28,44497.6372,37.5617,1.8525
2025-01-29,65.0,44996.055,37.9825,1.8733
2025-01-30,66.15,45792.1391,38.6545,1.9064
2025-01-31,65.27,45182.9617,38.1402,1.8811
2025-02-03,64.61,44726.0787,37.7546,1.862
2025-02-04,65.7,45480.6279,38.3915,1.8935
2025-02-05,63.82,44179.2035,37.2929,1.8393
2025-02-06,62.36,43168.5229,36.4398,1.7972
2025-02-07,62.34,43154.678,36.4281,1.7966
2025-02-10,62.21,43064.6859,36.3521,1.7929
2025-02-11,62.97,43590.7936,36.7962,1.8148
2025-02-12,62.06,42960.8488,36.2645,1.7886
2025-02-13,62.86,43514.6464,36.732,1.8116
2025-02-14,63.96,44276.1181,37.3747,1.8433
2025-02-18,64.46,44622.2416,37.6669,1.8577
2025-02-19,63.64,44054.5991,37.1878,1.8341
2025-02-20,63.83,44186.126,37.2988,1.8396
2025-02-21,62.76,43445.4217,36.6735,1.8087
2025-02-24,62.61,43341.5847,36.5859,1.8044
2025-02-25,62.98,43597.7161,36.8021,1.8151
2025-02-26,62.8,43473.1116,36.6969,1.8099
2025-02-27,62.82,43486.9565,36.7086,1.8105
2025-02-28,62.98,43597.7161,36.8021,1.8151
2025-03-03,60.4,41811.7188,35.2945,1.7407
2025-03-04,59.8,41396.3706,34.9439,1.7234
2025-03-05,61.16,42337.8265,35.7386,1.7626
2025-03-06,60.86,42130.1524,35.5633,1.754
2025-03-07,60.56,41922.4783,35.388,1.7453
2025-03-10,60.24,41700.9593,35.201,1.7361
2025-03-11,59.97,41514.0526,35.0432,1.7283
2025-03-12,59.0,40842.573,34.4764,1.7004
2025-03-13,58.59,40558.7517,34.2368,1.6886
2025-03-14,59.82,41410.2155,34.9556,1.724
2025-03-17,61.58,42628.5703,35.984,1.7747
2025-03-18,61.58,42628.5703,35.984,1.7747
2025-03-19,62.46,43237.7476,36.4982,1.8001
2025-03-20,61.83,42801.632,36.1301,1.7819
2025-03-21,61.72,42155.66,36.0658,1.7788
2025-03-24,62.07,42394.7151,36.2703,1.7888
2025-03-25,61.85,42244.4519,36.1418,1.7825
2025-03-26,62.7,42825.0143,36.6385,1.807
2025-03-27,62.44,42647.4305,36.4865,1.7995
2025-03-28,61.06,41704.8704,35.6801,1.7597
2025-03-31,62.93,42982.1076,30.1227,1.7699
2025-04-01,63.55,43405.5767,30.4195,1.7874
2025-04-02,64.0,43712.9332,30.6349,1.8
2025-04-03,61.3,41868.7939,29.3425,1.7241
2025-04-04,55.79,38105.3835,26.705,1.5691
2025-04-07,55.57,37955.1203,26.5997,1.5629
2025-04-08,55.52,37920.9696,26.5758,1.5615
2025-04-09,58.56,39997.3339,28.0309,1.647
2025-04-10,57.94,39573.8649,27.7342,1.6296
2025-04-11,59.28,40489.1044,28.3756,1.6673
2025-04-14,60.29,41178.9491,28.859,1.6957
2025-04-15,59.7,40775.9705,28.5766,1.6791
2025-04-16,59.2,40434.4633,28.3373,1.665
2025-04-17,59.74,40803.2911,28.5958,1.6802
2025-04-21,59.12,40379.8221,28.299,1.6628
2025-04-22,60.65,41424.8344,29.0314,1.7058
2025-04-23,61.07,41711.7005,29.2324,1.7176
2025-04-24,61.71,42148.8299,29.5388,1.7356
2025-04-25,61.47,41984.9064,29.4239,1.7289
2025-04-28,61.56,42046.3777,29.467,1.7314
2025-04-29,61.8,42210.3012,29.5818,1.7382
2025-04-30,61.99,42340.0739,29.6728,1.7435
2025-05-01,62.02,42360.5644,29.6871,1.7443
2025-05-02,62.63,42777.2033,29.9791,1.7615
2025-05-05,62.41,42626.9401,29.8738,1.7553
2025-05-06,62.45,42654.2606,29.893,1.7564
2025-05-07,62.48,42674.7511,29.9073,1.7573
2025-05-08,66.86,45666.355,32.0039,1.8805
2025-05-09,67.79,46301.5585,32.4491,1.9066
2025-05-12,67.96,46417.671,32.5304,1.9114
2025-05-13,67.9,46376.6901,32.5017,1.9097
2025-05-14,67.59,46164.9556,32.3533,1.901
2025-05-15,68.29,46643.0658,32.6884,1.9207
2025-05-16,68.61,46861.6305,32.8416,1.9297
2025-05-19,68.81,46998.2334,32.9373,1.9353
2025-05-20,69.18,47250.9488,33.1144,1.9457
2025-05-21,68.96,47100.6856,33.0091,1.9395
2025-05-22,68.59,46847.9702,32.832,1.9291
2025-05-23,69.06,47168.987,33.057,1.9423
2025-05-27,70.41,48091.0567,33.7032,1.9803
2025-05-28,70.32,48029.5854,33.6601,1.9778
2025-05-29,69.71,47612.9465,33.3681,1.9606
2025-05-30,70.8,48357.4324,33.8899,1.9913
2025-06-02,70.95,48459.8846,33.9617,1.9955
2025-06-03,71.19,48623.8081,34.0765,2.0022
2025-06-04,71.38,48753.5809,34.1675,2.0076
2025-06-05,71.2,48630.6382,34.0813,2.0025
2025-06-06,71.64,48931.1647,34.292,2.0149
2025-06-09,72.01,49183.88,34.4691,2.0253
2025-06-10,71.55,48869.6933,34.2489,2.0124
2025-06-11,72.07,49224.8609,34.4978,2.027
2025-06-12,72.52,49532.2175,34.7132,2.0397
2025-06-13,72.43,49470.7462,34.6701,2.0371
2025-06-16,74.19,50672.8518,35.5126,2.0866
2025-06-17,74.21,50686.5121,35.5221,2.0872
2025-06-18,74.12,50625.0408,35.4791,2.0847
2025-06-20,73.72,50351.835,35.2876,2.0734
2025-06-23,74.44,50843.6055,35.6322,2.0937
2025-06-24,73.29,50058.1387,35.0818,2.0613
2025-06-25,73.24,50023.988,35.0578,2.0599
2025-06-26,74.3,50747.9834,35.5652,2.0897
2025-06-27,74.39,50809.4548,35.6083,2.0923
2025-06-30,74.53,50905.0768,30.0301,1.9557
2025-07-01,75.11,51301.2253,30.2638,1.971
2025-07-02,77.0,52592.1228,31.0253,2.0206
2025-07-03,77.12,52674.0846,31.0736,2.0237
2025-07-07,76.58,52305.2567,30.8561,2.0095
2025-07-08,76.45,52216.4648,30.8037,2.0061
2025-07-09,76.2,52045.7111,30.7029,1.9996
2025-07-10,74.83,51109.9812,30.1509,1.9636
2025-07-11,73.57,50249.3828,29.6432,1.9306
2025-07-14,73.11,49935.1961,29.4579,1.9185
2025-07-15,72.09,49238.5212,29.0469,1.8917
2025-07-16,72.98,49846.4042,29.4055,1.9151
2025-07-17,73.17,49976.177,29.4821,1.9201
2025-07-18,73.05,49894.2152,29.4337,1.9169
2025-07-21,73.0,49860.0645,29.4136,1.9156
2025-07-22,73.75,50372.3254,29.7158,1.9353
2025-07-23,73.9,50474.7776,29.7762,1.9392
2025-07-24,73.12,49942.0262,29.4619,1.9187
2025-07-25,73.43,50153.7608,29.5868,1.9269
2025-07-28,72.4,49450.2557,29.1718,1.8999
2025-07-29,72.88,49778.1027,29.3652,1.9124
2025-07-30,71.98,49163.3896,29.0026,1.8888
2025-07-31,72.13,49265.8418,29.063,1.8928
2025-08-01,71.17,48610.1478,28.6762,1.8676
2025-08-04,71.92,49122.4087,28.9784,1.8873
2025-08-05,72.31,49388.7844,29.1356,1.8975
2025-08-06,71.17,48610.1478,28.6762,1.8676
2025-08-07,71.05,48528.1861,28.6279,1.8644
2025-08-08,70.91,48432.564,28.5715,1.8608
2025-08-11,72.46,49491.2366,29.196,1.9014
2025-08-12,71.03,48514.5258,28.6198,1.8639
2025-08-13,72.33,49402.4447,29.1436,1.898
2025-08-14,71.87,49088.258,28.9583,1.8859
2025-08-15,71.76,49013.1264,28.9139,1.8831
2025-08-18,72.29,49375.1241,29.1275,1.897
2025-08-19,72.4,49450.2557,29.1718,1.8999
2025-08-20,72.96,49832.7439,29.3975,1.9145
2025-08-21,72.98,49846.4042,29.4055,1.9151
2025-08-22,73.37,50112.7799,29.5627,1.9253
2025-08-25,73.6,50269.8732,29.6553,1.9313
2025-08-26,73.94,50502.0982,29.7923,1.9403
2025-08-27,75.03,51246.5841,30.2315,1.9689
2025-08-28,74.32,50761.6437,29.9454,1.9502
2025-08-29,74.19,50672.8518,29.8931,1.9468
2025-09-02,73.92,50488.4379,29.7843,1.9397
2025-09-03,72.39,49443.4256,29.1678,1.8996
2025-09-04,72.65,49621.0094,29.2726,1.9064
2025-09-05,72.3,49381.9543,29.1315,1.8972
2025-09-08,72.95,49825.9138,29.3934,1.9143
2025-09-09,72.5,49518.5572,29.2121,1.9025
2025-09-10,71.78,49026.7867,28.922,1.8836
2025-09-11,72.99,49853.2343,29.4095,1.9153
2025-09-12,74.29,50741.1533,29.9334,1.9494
2025-09-15,70.07,47858.8318,28.233,1.8387
2025-09-16,69.88,47729.059,28.1564,1.8337
2025-09-17,70.64,48248.1501,28.4627,1.8537
2025-09-18,70.66,48261.8104,28.4707,1.8542
2025-09-19,70.86,48398.4133,28.5513,1.8594
2025-09-22,69.75,47640.2671,28.1041,1.8303
2025-09-23,69.48,47455.8532,27.9953,1.8232
2025-09-24,69.61,47544.6451,28.0477,1.8266
2025-09-25,67.08,45816.6182,27.0283,1.7602
2025-09-26,68.09,46506.4629,27.4352,1.7868
2025-09-29,67.77,46287.8982,27.3063,1.7784
2025-09-30,67.63,46192.2762,27.2499,1.7747
2025-10-01,61.47,41984.9064,24.7678,1.613
